{"avengers":[{"title":"Ironman","power":5,"city":"","poster":""},{"title":"Falcon","power":52,"city":"Mumbai","poster":""},{"title":"Vision","power":34,"city":"Pune","poster":""},{"title":"Hulk","power":74,"city":"Mumbai","poster":""},{"title":"Hawkeye","power":28,"city":"Lucknow","poster":""},{"title":"Rajani","power":62,"city":"Hyderabad","poster":""},{"title":"Dr Strange","power":12,"city":"Hyderabad","poster":""},{"title":"Rajani","power":78,"city":"Hyderabad","poster":""},{"title":"Wonder Women","power":42,"city":"Mysore","poster":""},{"title":"Captain Marvel","power":29,"city":"Lucknow","poster":""},{"title":"Falcon","power":1,"city":"Pune","poster":""},{"title":"Captain Marvel","power":40,"city":"Lucknow","poster":""},{"title":"Batman","power":7,"city":"Mumbai","poster":""}]}