{"avengers":[{"title":"Ironman","power":5,"city":"","poster":""},{"title":"Black Widow","power":9,"city":"Mysore","poster":"black_widow.jpg"},{"title":"Thor","power":3,"city":"Delhi","poster":"thor.jpg"},{"title":"Hawkeye","power":14,"city":"Bengaluru","poster":"Hawkeye.jpg"},{"title":"Wonder Women","power":43,"city":"Mysore","poster":"wonder_women.jpg"},{"title":"Hulk","power":14,"city":"Delhi","poster":"hulk.jpg"},{"title":"Black Widow","power":83,"city":"Lucknow","poster":"black_widow.jpg"},{"title":"Dr Strange","power":18,"city":"Delhi","poster":"drStrange.jpg"},{"title":"Antman","power":95,"city":"Hyderabad","poster":"antman.jpg"},{"title":"Rajani","power":47,"city":"Hyderabad","poster":"Rajani.jpg"},{"title":"Black Widow","power":51,"city":"Pune","poster":"black_widow.jpg"},{"title":"Antman","power":87,"city":"Mumbai","poster":"antman.jpg"}]}