{
    "Ironman": "ironman.jpg",
    "Spiderman": "spiderman.jpg",
    "Superman": "superman.jpg",
    "Batman": "batman.jpg",
    "Wonder Woman": "wonder_woman.jpg",
    "Aquaman": "aquaman.jpg",
    "The Flash": "flash.jpg",
    "Green Lantern": "green_lantern.jpg",
    "Thor": "thor.jpg",
    "Hulk": "hulk.jpg",
    "Black Widow": "black_widow.jpg",
    "Captain America": "captain_america.jpg",
    "Captain Marvel": "captain_marvel.jpg",
    "Black Panther": "black_panther.jpg",
    "Hawkeye":"Hawkeye.jpg",
    "Dr Strange":"drStrange.jpg",
    "Antman":"antman.jpg",
    "Rajani":"Rajani.jpg"

    
}
